Age,Income,LoanAmount,CreditScore,EmploymentYears,Default
59,32666,28664,803,11,0
49,58660,6636,691,20,0
35,23561,25080,434,0,0
63,46854,32728,494,25,0
28,84505,31736,700,25,0
41,72251,33673,332,0,0
59,42662,42505,759,14,0
39,28392,5854,769,1,1
43,50535,29548,674,29,0
31,98603,43623,321,21,1
31,72256,12392,337,15,0
44,109135,26556,529,24,0
56,55222,43559,664,7,0
60,97373,31309,737,12,0
44,99575,26919,582,20,1
23,116354,9931,326,0,0
42,104651,37970,525,15,1
22,83335,49215,576,28,0
44,30965,17688,583,6,0
64,44538,30342,780,4,0
50,90592,42157,752,21,1
58,118018,7327,815,28,1
22,28110,45772,846,22,0
41,99309,45545,491,2,0
53,47266,5197,348,11,0
32,72992,28509,811,25,0
42,102948,39698,316,15,1
64,118806,49542,471,18,1
45,26910,20087,519,4,0
47,110982,27671,457,21,0
62,20206,30184,776,24,0
48,107054,32848,345,28,0
36,107897,47107,672,13,1
35,43419,25666,817,27,0
64,70636,49357,398,4,1
23,70015,20708,336,14,0
57,74268,31370,579,16,1
27,107939,7811,648,29,0
41,38141,11546,796,13,0
29,100356,39754,601,29,1
59,91910,35206,480,19,0
38,76044,46106,398,4,0
24,87214,16411,415,11,1
45,53827,7911,490,15,1
34,75820,6734,552,25,0
29,82623,23227,460,25,0
46,101734,13680,555,15,0
22,95450,24360,622,20,0
40,113426,23343,427,6,0
48,42299,10759,317,3,0
27,63585,28078,622,0,0
64,84044,40153,587,29,0
28,62557,16111,454,29,0
55,69080,42504,789,4,0
34,22693,6802,685,22,0
37,115003,13155,403,25,0
56,115259,13120,692,9,0
60,89163,44384,545,21,0
24,45939,26918,475,4,1
22,68925,25445,338,3,0
26,62941,35306,776,1,0
62,41834,21646,837,19,0
24,38047,36065,707,9,0
49,46105,30199,824,25,0
38,95766,46976,805,18,0
46,35707,21371,335,25,0
64,41976,16835,319,0,0
54,64262,7049,620,23,0
30,43776,36616,811,4,1
56,50080,43191,699,12,0
34,86842,25932,770,3,0
51,81373,34855,442,15,0
35,26776,12158,391,23,1
28,112787,48016,653,15,0
34,75016,12400,350,22,0
43,29474,47642,489,1,1
60,78053,20151,424,16,1
41,41959,6154,449,27,1
36,25530,9499,613,26,0
38,114856,11295,641,19,0
44,23748,17183,604,23,0
46,117504,34299,353,11,0
45,118098,17874,743,17,0
61,33545,37711,563,2,0
49,86199,10539,352,27,1
35,54766,47405,304,0,0
21,93530,7557,402,0,0
45,113557,43360,495,28,0
27,81087,21482,649,18,0
29,115839,7200,346,10,0
44,88840,7961,568,4,0
21,74384,26357,669,11,0
64,71005,16969,405,2,0
28,66576,7869,419,0,0
44,59353,33643,357,0,0
31,82003,29736,645,7,1
37,103211,43467,773,9,0
28,72733,28328,416,10,0
55,85318,30876,426,11,1
55,109474,26295,692,28,0
