Threshold,Precision,Recall,F1-Score
0.2,0.24285714285714285,0.7391304347826086,0.3655913978494624
0.25,0.25,0.6086956521739131,0.35443037974683544
0.3,0.2222222222222222,0.43478260869565216,0.29411764705882354
0.35,0.21621621621621623,0.34782608695652173,0.26666666666666666
0.39999999999999997,0.16,0.17391304347826086,0.16666666666666666
0.44999999999999996,0.2222222222222222,0.17391304347826086,0.1951219512195122
0.49999999999999994,0.4,0.17391304347826086,0.24242424242424243
0.5499999999999999,0.375,0.13043478260869565,0.1935483870967742
0.5999999999999999,0.5,0.08695652173913043,0.14814814814814814
0.6499999999999999,0.3333333333333333,0.043478260869565216,0.07692307692307693
0.7,0.0,0.0,0.0
0.7499999999999998,0.0,0.0,0.0
0.7999999999999998,0.0,0.0,0.0
